{
"lengthUnit": "mil",
"remark": [],
"components": {
	"fields": ["COMPONENT_NO", "COMPONENT_NAME", "LAYER", "X_COORDINATE", "Y_COORDINATE", "ANGLE"],
	"rows": [
		[1, "0805 Cap", "T", 400, -380, 270],
		[2, "Adjustable \nInductor", "T", 815, -345, 180],
		[3, "Set Inductor", "T", 685, -60, 270],
		[4, "SMA", "T", 149.2126, -381.0626, 0],
		[5, "PAD1", "T", 149.2126, -381.0626, 0],
		[6, "PAD1", "B", 149.2126, -381.0626, 0],
		[7, "PAD2", "T", 49.2126, -481.0626, 0],
		[8, "PAD2", "B", 49.2126, -481.0626, 0],
		[9, "PAD3", "T", 249.2126, -481.0626, 0],
		[10, "PAD3", "B", 249.2126, -481.0626, 0],
		[11, "PAD4", "T", 249.2126, -281.0626, 0],
		[12, "PAD4", "B", 249.2126, -281.0626, 0],
		[13, "PAD5", "T", 49.2126, -281.0626, 0],
		[14, "PAD5", "B", 49.2126, -281.0626, 0],
		[15, "PAD6", "T", 400, -419.37, 0],
		[16, "PAD7", "T", 400, -340.63, 0],
		[17, "PAD8", "T", 524.685, -380, 0],
		[18, "PAD8", "B", 524.685, -380, 0]
	]
},
"pins": {
	"fields": ["PIN_NO", "PIN_NAME", "PIN_X", "PIN_Y", "LAYER", "PIN_TYPE", "NET_NAME", "NET_TYPE", "PAD_SHAPE", "PAD_SIZEX", "PAD_SIZEY", "HOLE_SIZE", "HOLE_LEN", "PAD_ANGLE"],
	"rows": [
		[1, "0805 Cap_1", 400, -340.63, "T", "SMD", "GND", "GND", "R", 55.512, 53.15, 0, 0, 270],
		[2, "0805 Cap_2", 400, -419.37, "T", "SMD", "VCC", "", "R", 55.512, 53.15, 0, 0, 270],
		[3, "Adjustable \nInductor_1", 775, -380, "T", "DIP", "NET_1", "", "C", 60, 60, 27.5591, 27.5591, 180],
		[4, "Adjustable \nInductor_1", 775, -380, "B", "DIP", "NET_1", "", "C", 60, 60, 27.5591, 27.5591, 180],
		[5, "Adjustable \nInductor_2", 524.685, -380, "T", "DIP", "VCC", "", "C", 60, 60, 27.5591, 27.5591, 180],
		[6, "Adjustable \nInductor_2", 524.685, -380, "B", "DIP", "VCC", "", "C", 60, 60, 27.5591, 27.5591, 180],
		[7, "Set Inductor_1", 825, -170, "T", "SMD", "NET_2", "", "R", 120.0787, 44.8819, 0, 0, 270],
		[8, "Set Inductor_2", 662.0079, -170, "T", "SMD", "NET_3", "", "R", 120.0787, 44.8819, 0, 0, 270],
		[9, "SMA_1", 149.2126, -381.0626, "T", "DIP", "VCC", "", "C", 90.5512, 90.5512, 59.0551, 59.0551, 0],
		[10, "SMA_1", 149.2126, -381.0626, "B", "DIP", "VCC", "", "C", 90.5512, 90.5512, 59.0551, 59.0551, 0],
		[11, "SMA_2", 49.2126, -481.0626, "T", "DIP", "GND", "GND", "C", 98.4252, 98.4252, 62.9921, 62.9921, 0],
		[12, "SMA_2", 49.2126, -481.0626, "B", "DIP", "GND", "GND", "C", 98.4252, 98.4252, 62.9921, 62.9921, 0],
		[13, "SMA_3", 249.2126, -481.0626, "T", "DIP", "GND", "GND", "C", 98.4252, 98.4252, 62.9921, 62.9921, 0],
		[14, "SMA_3", 249.2126, -481.0626, "B", "DIP", "GND", "GND", "C", 98.4252, 98.4252, 62.9921, 62.9921, 0],
		[15, "SMA_4", 249.2126, -281.0626, "T", "DIP", "GND", "GND", "C", 98.4252, 98.4252, 62.9921, 62.9921, 0],
		[16, "SMA_4", 249.2126, -281.0626, "B", "DIP", "GND", "GND", "C", 98.4252, 98.4252, 62.9921, 62.9921, 0],
		[17, "SMA_5", 49.2126, -281.0626, "T", "DIP", "GND", "GND", "C", 98.4252, 98.4252, 62.9921, 62.9921, 0],
		[18, "SMA_5", 49.2126, -281.0626, "B", "DIP", "GND", "GND", "C", 98.4252, 98.4252, 62.9921, 62.9921, 0],
		[19, "PAD1_1", 149.2126, -381.0626, "T", "DIP", "VCC", "", "C", 90.5512, 90.5512, 59.0551, 59.0551, 0],
		[20, "PAD1_1", 149.2126, -381.0626, "B", "DIP", "VCC", "", "C", 90.5512, 90.5512, 59.0551, 59.0551, 0],
		[21, "PAD2_2", 49.2126, -481.0626, "T", "DIP", "GND", "GND", "C", 98.4252, 98.4252, 62.9921, 62.9921, 0],
		[22, "PAD2_2", 49.2126, -481.0626, "B", "DIP", "GND", "GND", "C", 98.4252, 98.4252, 62.9921, 62.9921, 0],
		[23, "PAD3_3", 249.2126, -481.0626, "T", "DIP", "GND", "GND", "C", 98.4252, 98.4252, 62.9921, 62.9921, 0],
		[24, "PAD3_3", 249.2126, -481.0626, "B", "DIP", "GND", "GND", "C", 98.4252, 98.4252, 62.9921, 62.9921, 0],
		[25, "PAD4_4", 249.2126, -281.0626, "T", "DIP", "GND", "GND", "C", 98.4252, 98.4252, 62.9921, 62.9921, 0],
		[26, "PAD4_4", 249.2126, -281.0626, "B", "DIP", "GND", "GND", "C", 98.4252, 98.4252, 62.9921, 62.9921, 0],
		[27, "PAD5_5", 49.2126, -281.0626, "T", "DIP", "GND", "GND", "C", 98.4252, 98.4252, 62.9921, 62.9921, 0],
		[28, "PAD5_5", 49.2126, -281.0626, "B", "DIP", "GND", "GND", "C", 98.4252, 98.4252, 62.9921, 62.9921, 0],
		[29, "PAD6_2", 400, -419.37, "T", "SMD", "VCC", "", "R", 55.512, 53.15, 0, 0, 270],
		[30, "PAD7_1", 400, -340.63, "T", "SMD", "GND", "GND", "R", 55.512, 53.15, 0, 0, 270],
		[31, "PAD8_2", 524.685, -380, "T", "DIP", "VCC", "", "C", 60, 60, 27.5591, 27.5591, 180],
		[32, "PAD8_2", 524.685, -380, "B", "DIP", "VCC", "", "C", 60, 60, 27.5591, 27.5591, 180]
	]
}
}